x1,x2,y
-1.0,1.0609657356931221,1.0
-0.998,1.1126288571383418,1.0
-0.996,1.083812015843082,1.0
-0.994,0.9404529573635197,1.0
-0.992,0.8848925687133213,1.0
-0.99,1.0194102228946522,1.0
-0.988,1.0079973753375018,1.0
-0.986,0.9101079571797148,1.0
-0.984,0.8458397165343955,1.0
-0.982,1.1042685880800551,1.0
-0.98,0.9657390078101751,1.0
-0.978,0.9545982196046658,1.0
-0.976,0.9800516122206652,1.0
-0.974,0.9233008046757838,1.0
-0.972,0.9184666225693876,1.0
-0.97,0.9614923261693178,1.0
-0.968,1.0579360538567164,1.0
-0.966,1.0473583172021952,1.0
-0.964,0.8839256757641671,1.0
-0.962,0.8039564729324268,1.0
-0.96,0.8978448790028963,1.0
-0.958,0.8975870879645065,1.0
-0.956,0.8289584177271134,1.0
-0.954,0.8089237191660066,1.0
-0.952,0.9439314365664648,1.0
-0.95,0.7747062286861303,1.0
-0.948,1.0176251285313573,1.0
-0.946,0.8288513982950341,1.0
-0.944,0.8896354115573251,1.0
-0.942,0.8022148277972223,1.0
-0.94,0.902097232669089,1.0
-0.938,0.8582237883918893,1.0
-0.9359999999999999,0.8040913455955911,1.0
-0.9339999999999999,0.7051453253605942,1.0
-0.9319999999999999,0.6845625745802404,1.0
-0.9299999999999999,0.7897260596208,1.0
-0.9279999999999999,0.7732588919138024,1.0
-0.926,0.6744180898774355,1.0
-0.924,0.8315387522610629,1.0
-0.922,0.8229047938417182,1.0
-0.92,0.9089414705894007,1.0
-0.918,0.913166124077148,1.0
-0.916,0.8982696033136648,1.0
-0.914,0.7607491580634276,1.0
-0.912,0.9335104949229557,1.0
-0.91,0.9446789050858504,1.0
-0.908,0.7934005312873705,1.0
-0.906,0.6991230252850341,1.0
-0.904,0.8895433419756302,1.0
-0.902,0.7687927590470173,1.0
-0.9,0.6768637225962298,1.0
-0.898,0.7495168202666622,1.0
-0.896,0.9451176775450167,1.0
-0.894,0.7634318198486317,1.0
-0.892,0.8230276071342342,1.0
-0.89,0.6241780439919052,1.0
-0.888,0.747127806106814,1.0
-0.886,0.7277473160145018,1.0
-0.884,0.5380948237981116,1.0
-0.882,0.8497737603330972,1.0
-0.88,0.6951322856721023,1.0
-0.878,0.6044860465327901,1.0
-0.876,0.7257900813941373,1.0
-0.874,0.8261396074696198,1.0
-0.872,0.7020918787194103,1.0
-0.87,0.811804175693584,1.0
-0.868,0.7889521466145805,1.0
-0.866,0.817309775669456,1.0
-0.864,0.4968206136793739,1.0
-0.862,0.8509604965401121,1.0
-0.86,0.7683831447772047,1.0
-0.858,0.6235430817919715,1.0
-0.856,0.7685965336696954,1.0
-0.854,0.6537800348155681,1.0
-0.852,0.7450335292813165,1.0
-0.85,0.798774459208057,1.0
-0.848,0.7425957543612489,1.0
-0.846,0.8648719565279681,1.0
-0.844,0.5976872511188801,1.0
-0.842,0.7311891429711598,1.0
-0.84,0.6958110247120911,1.0
-0.838,0.7217402004065154,1.0
-0.836,0.8136575591782375,1.0
-0.834,0.7069298037225565,1.0
-0.832,0.6286084816373139,1.0
-0.83,0.7187064485345842,1.0
-0.828,0.6644623918379058,1.0
-0.826,0.6154485205620216,1.0
-0.8240000000000001,0.775362299620951,1.0
-0.8220000000000001,0.5952850476232512,1.0
-0.8200000000000001,0.7589130579430433,1.0
-0.8180000000000001,0.7267066713560155,1.0
-0.8160000000000001,0.7356918589463584,1.0
-0.8140000000000001,0.7285918032334732,1.0
-0.812,0.47993144168780444,1.0
-0.81,0.48405176603851974,1.0
-0.808,0.7763266893950147,1.0
-0.806,0.5772723738795604,1.0
-0.804,0.5702488405275343,1.0
-0.802,0.601267054297653,1.0
-0.8,0.510063399691971,1.0
-0.798,0.5164846988994423,1.0
-0.796,0.723443358942172,1.0
-0.794,0.46094139957933267,1.0
-0.792,0.528407961888724,1.0
-0.79,0.5739047876576658,1.0
-0.788,0.7869731541885645,1.0
-0.786,0.6007471713562699,1.0
-0.784,0.733316616425627,1.0
-0.782,0.551650764415933,1.0
-0.78,0.7358684658704524,1.0
-0.778,0.7410105193365445,1.0
-0.776,0.6413552094694178,1.0
-0.774,0.38721442025268404,1.0
-0.772,0.5989751861429187,1.0
-0.77,0.5309362659783172,1.0
-0.768,0.6158917191184634,1.0
-0.766,0.70833402196258,1.0
-0.764,0.47132515068841363,1.0
-0.762,0.694768789814597,1.0
-0.76,0.5557441897462092,1.0
-0.758,0.5918605486227654,1.0
-0.756,0.7132183788024318,1.0
-0.754,0.4570244952495071,1.0
-0.752,0.4126435955541563,1.0
-0.75,0.6369197199673333,1.0
-0.748,0.5129133474699739,1.0
-0.746,0.726851531607106,1.0
-0.744,0.49355231206031047,1.0
-0.742,0.629550161678766,1.0
-0.74,0.5600673543505369,1.0
-0.738,0.5497035624232236,1.0
-0.736,0.46894104290394967,1.0
-0.734,0.5515860893253738,1.0
-0.732,0.6485651222155869,1.0
-0.73,0.4724584470452449,1.0
-0.728,0.6125666642804553,1.0
-0.726,0.6272763559125522,1.0
-0.724,0.6234799395467057,1.0
-0.722,0.4380213133667432,1.0
-0.72,0.6586212706349123,1.0
-0.718,0.6428285000659963,1.0
-0.716,0.6467160487748631,1.0
-0.714,0.46942156132696367,1.0
-0.712,0.6384134766178067,1.0
-0.71,0.5089318274929248,1.0
-0.708,0.4841412530389403,1.0
-0.706,0.5175529760215491,1.0
-0.704,0.42215197940766835,1.0
-0.702,0.46984633774840673,1.0
-0.7,0.5490096247985485,1.0
-0.698,0.5458062813361599,1.0
-0.696,0.4144332020141369,1.0
-0.694,0.15190439356942287,1.0
-0.692,0.5539062419711372,1.0
-0.69,0.3460344255491393,1.0
-0.688,0.4112700642056259,1.0
-0.6859999999999999,0.49937952406123437,1.0
-0.6839999999999999,0.35593474749209464,1.0
-0.6819999999999999,0.6035232111112507,1.0
-0.6799999999999999,0.35903593548535206,1.0
-0.6779999999999999,0.5876475225744232,1.0
-0.6759999999999999,0.33985466362954336,1.0
-0.6739999999999999,0.6411736884698355,1.0
-0.6719999999999999,0.41503161753861617,1.0
-0.6699999999999999,0.6908382896558767,1.0
-0.6679999999999999,0.42223936164197495,1.0
-0.6659999999999999,0.3933927379362112,1.0
-0.6639999999999999,0.3925601138685028,1.0
-0.6619999999999999,0.5162286839671977,1.0
-0.6599999999999999,0.5274752462553851,1.0
-0.6579999999999999,0.4394858591985394,1.0
-0.6559999999999999,0.40765282297166283,1.0
-0.6539999999999999,0.47632165765152756,1.0
-0.6519999999999999,0.47286454212561535,1.0
-0.6499999999999999,0.36715306856105867,1.0
-0.648,0.15206006617020862,1.0
-0.646,0.35858027838445844,1.0
-0.644,0.4354134435731415,1.0
-0.642,0.5162572641601344,1.0
-0.64,0.4118935697179637,1.0
-0.638,0.5309548289104117,1.0
-0.636,0.27900358158791294,1.0
-0.634,0.304583079090345,1.0
-0.632,0.284184525506292,1.0
-0.63,0.5338998633498492,1.0
-0.628,0.4365920917370151,1.0
-0.626,0.3361392192283408,1.0
-0.624,0.5452175106551514,1.0
-0.622,0.3860600768813797,1.0
-0.62,0.3879192074504404,1.0
-0.618,0.3843298773488336,1.0
-0.616,0.32786720590895135,1.0
-0.614,0.3201147982710731,1.0
-0.612,0.2861413521338071,1.0
-0.61,0.22171708768964352,1.0
-0.608,0.3918481477478834,1.0
-0.606,0.42096715182571265,1.0
-0.604,0.4082541251874072,1.0
-0.602,0.30609529364512167,1.0
-0.6,0.4555578320388344,1.0
-0.598,0.3576952222045642,1.0
-0.596,0.36595574127968383,1.0
-0.594,0.30982753309948446,1.0
-0.592,0.4199490323516891,1.0
-0.59,0.029020009008190906,1.0
-0.588,0.40410766426365907,1.0
-0.586,0.3697165486065434,1.0
-0.584,0.4073252422236541,1.0
-0.5820000000000001,0.5731231104406384,1.0
-0.5800000000000001,0.3296790224452043,1.0
-0.5780000000000001,0.32703188051178667,1.0
-0.5760000000000001,0.3025359668613884,1.0
-0.5740000000000001,0.2821239310179683,1.0
-0.5720000000000001,0.16646369515053766,1.0
-0.5700000000000001,0.15806633298720016,1.0
-0.5680000000000001,0.31531335825939355,1.0
-0.5660000000000001,0.3652592648191835,1.0
-0.5640000000000001,0.20530003638767602,1.0
-0.562,0.39755639970150636,1.0
-0.56,0.3164269869443483,1.0
-0.558,0.3535697409411457,1.0
-0.556,0.34839232042427687,1.0
-0.554,0.4004897642683085,1.0
-0.552,0.3368071289865666,1.0
-0.55,0.3065830449841166,1.0
-0.548,0.32914066913994927,1.0
-0.546,0.246099736917755,1.0
-0.544,0.38734768481935633,1.0
-0.542,0.23770675419112672,1.0
-0.54,0.3882469380855528,1.0
-0.538,0.06861845215793,1.0
-0.536,0.28631697386110905,1.0
-0.534,0.24695895002576004,1.0
-0.532,0.3880411081882478,1.0
-0.53,0.13510342750377283,1.0
-0.528,0.20861581167238052,1.0
-0.526,0.25834836689297186,1.0
-0.524,0.2384942225619748,1.0
-0.522,0.310771813043858,1.0
-0.52,0.39663645371634204,1.0
-0.518,0.25718047145227946,1.0
-0.516,0.4416819590000615,1.0
-0.514,0.15890525167769018,1.0
-0.512,0.3853030916751896,1.0
-0.51,0.29971733958313035,1.0
-0.508,0.05538566852380164,1.0
-0.506,0.21336074216436202,1.0
-0.504,0.29075783287619744,1.0
-0.502,0.2911059379951413,1.0
-0.5,0.264583445879204,1.0
-0.498,0.18850497739959596,1.0
-0.496,0.3535066475409435,1.0
-0.494,0.2698011110332752,1.0
-0.492,0.23860730867989094,1.0
-0.49,0.20437235731909303,1.0
-0.488,0.35120836387253185,1.0
-0.486,0.1520812743711616,1.0
-0.484,0.44975616374727323,1.0
-0.482,0.36879017587529106,1.0
-0.48,0.28764078024304207,1.0
-0.478,0.1707711919080042,1.0
-0.476,0.2366648428700908,1.0
-0.474,0.369921547829002,1.0
-0.472,0.13944712211660495,1.0
-0.47,0.1655287025144784,1.0
-0.46799999999999997,0.3242164148907928,1.0
-0.46599999999999997,0.2271041914146768,1.0
-0.46399999999999997,0.3479876131093549,1.0
-0.46199999999999997,0.12135139596867474,1.0
-0.45999999999999996,0.28213991883101497,1.0
-0.45799999999999996,0.18518034094343777,1.0
-0.45599999999999996,0.08918518373466405,1.0
-0.45399999999999996,0.053175099013149846,1.0
-0.45199999999999996,0.19415746091280017,1.0
-0.44999999999999996,0.1378720053561627,1.0
-0.44799999999999995,0.29485155947817654,1.0
-0.44599999999999995,0.08692119674882491,1.0
-0.44399999999999995,0.28357976094323484,1.0
-0.44199999999999995,0.0029941978151907245,1.0
-0.43999999999999995,0.04731501589301482,1.0
-0.43799999999999994,0.03239024373715277,1.0
-0.43599999999999994,0.2592949002330247,1.0
-0.43399999999999994,0.12008437862431735,1.0
-0.43199999999999994,0.3152545240389446,1.0
-0.42999999999999994,-0.03187416014653918,1.0
-0.42799999999999994,0.2950621490906238,1.0
-0.42599999999999993,0.11631000555632896,1.0
-0.42399999999999993,0.08749614698434305,1.0
-0.42200000000000004,0.19232310364442418,1.0
-0.42000000000000004,0.31882028345760344,1.0
-0.41800000000000004,0.20911242353907322,1.0
-0.41600000000000004,0.1473070133616915,1.0
-0.41400000000000003,0.350142920988817,1.0
-0.41200000000000003,0.1407971927165553,1.0
-0.41000000000000003,0.10373099674696888,1.0
-0.40800000000000003,0.07432096071967095,1.0
-0.406,0.04302183902960195,1.0
-0.404,0.25985629972292124,1.0
-0.402,0.38908805782761907,1.0
-0.4,-0.030806264935567207,1.0
-0.398,0.15191546624478988,1.0
-0.396,0.215022817041893,1.0
-0.394,0.12067182601691628,1.0
-0.392,0.10172679766045914,1.0
-0.39,0.20514505848470221,1.0
-0.388,0.1611232365316664,1.0
-0.386,0.25972129521562215,1.0
-0.384,0.1498169886731644,1.0
-0.382,0.11152004102328344,1.0
-0.38,0.292691912897435,1.0
-0.378,0.19717808028477635,1.0
-0.376,0.014800079987863646,1.0
-0.374,0.2168182584764718,1.0
-0.372,0.1737612258188762,1.0
-0.37,0.18997991378171664,1.0
-0.368,0.21857378147600037,1.0
-0.366,-0.015699608206389576,1.0
-0.364,0.32175357566126755,1.0
-0.362,0.06852557777174373,1.0
-0.36,0.08050425943132103,1.0
-0.358,0.1787387948116037,1.0
-0.356,0.04405083232341947,1.0
-0.354,0.014153719221125224,1.0
-0.352,0.07603522329922854,1.0
-0.35,0.14536858812564887,1.0
-0.348,0.23357053442463216,1.0
-0.346,0.09091424590288825,1.0
-0.344,0.14204537936014744,1.0
-0.34199999999999997,0.11897163369324049,1.0
-0.33999999999999997,0.12738108590252534,1.0
-0.33799999999999997,-0.03949953626609687,1.0
-0.33599999999999997,-0.10904159442797658,1.0
-0.33399999999999996,0.1899834819932183,1.0
-0.33199999999999996,0.19290500378699144,1.0
-0.32999999999999996,0.1918898179803437,1.0
-0.32799999999999996,-0.08430289096478306,1.0
-0.32599999999999996,0.1978207082681902,1.0
-0.32399999999999995,0.020385273617982202,1.0
-0.32199999999999995,0.12483935929538395,1.0
-0.31999999999999995,0.056082262538694,1.0
-0.31799999999999995,-0.09225644609428113,1.0
-0.31599999999999995,0.2419837488505136,1.0
-0.31399999999999995,0.14113447004625057,1.0
-0.31199999999999994,-0.039844035034359404,1.0
-0.30999999999999994,-0.10317901465109705,1.0
-0.30799999999999994,0.1331636948689095,1.0
-0.30599999999999994,0.11326024921006489,1.0
-0.30399999999999994,0.0669488640202913,1.0
-0.30199999999999994,0.22217580501461232,1.0
-0.29999999999999993,0.20158715246694214,1.0
-0.29799999999999993,0.050395859168810175,1.0
-0.29600000000000004,0.09231254333994852,1.0
-0.29400000000000004,0.1064461198218014,1.0
-0.29200000000000004,0.17596244229131944,1.0
-0.29000000000000004,0.06122746964870531,1.0
-0.28800000000000003,0.0997904486425478,1.0
-0.28600000000000003,0.1432333638550133,1.0
-0.28400000000000003,0.01655565212898627,1.0
-0.28200000000000003,0.13628186240728757,1.0
-0.28,0.02277647161630065,1.0
-0.278,0.09131963626599807,1.0
-0.276,0.08472001276265712,1.0
-0.274,0.047260353428106985,1.0
-0.272,0.054228043700144585,1.0
-0.27,0.11121239958377256,1.0
-0.268,0.0434759514968614,1.0
-0.266,0.02539174255969219,1.0
-0.264,-0.062171029827520846,1.0
-0.262,0.024017190392241844,1.0
-0.26,0.052916902535373955,1.0
-0.258,0.1035102806294227,1.0
-0.256,0.009678724118139227,1.0
-0.254,0.07142898326350136,1.0
-0.252,0.04720070535886381,1.0
-0.25,0.2407631010469414,1.0
-0.248,0.19589896051944844,1.0
-0.246,0.03881889655321348,1.0
-0.244,0.05115120115980316,1.0
-0.242,0.12784426927783363,1.0
-0.24,0.07499864221207637,1.0
-0.238,0.08458334588390164,1.0
-0.236,0.018865405053960234,1.0
-0.23399999999999999,0.04907114419442879,1.0
-0.23199999999999998,0.00980757192767908,1.0
-0.22999999999999998,0.018621577607117752,1.0
-0.22799999999999998,0.046454558143989404,1.0
-0.22599999999999998,-0.029552535849580182,1.0
-0.22399999999999998,-0.054825799448620836,1.0
-0.22199999999999998,-8.078316684436565e-05,1.0
-0.21999999999999997,0.1115514728998665,1.0
-0.21799999999999997,0.15533689553742483,1.0
-0.21599999999999997,0.026764110215179243,1.0
-0.21399999999999997,0.0026448989898653075,1.0
-0.21199999999999997,0.0365024848824574,1.0
-0.20999999999999996,-0.005939242099125594,1.0
-0.20799999999999996,-0.05160705140137922,1.0
-0.20599999999999996,0.0014836589605209186,1.0
-0.20399999999999996,0.015670892957224042,1.0
-0.20199999999999996,0.07614476376853632,1.0
-0.19999999999999996,0.04349986836684866,1.0
-0.19799999999999995,0.035324206906352386,1.0
-0.19599999999999995,0.10750348455384214,1.0
-0.19399999999999995,0.21245606072763495,1.0
-0.19199999999999995,0.12237994494306176,1.0
-0.18999999999999995,0.04282519774669028,1.0
-0.18799999999999994,0.05823706435210481,1.0
-0.18599999999999994,-0.29743207683024286,1.0
-0.18399999999999994,-0.05394103642251644,1.0
-0.18199999999999994,0.05532923897854573,1.0
-0.17999999999999994,0.11001784404572712,1.0
-0.17799999999999994,0.06953027999987446,1.0
-0.17599999999999993,0.09610313058303595,1.0
-0.17399999999999993,0.18153755942975006,1.0
-0.17199999999999993,0.18219973572500162,1.0
-0.16999999999999993,0.06482786470818111,1.0
-0.16799999999999993,0.042115881485339415,1.0
-0.16600000000000004,0.045382289869263855,1.0
-0.16400000000000003,0.09817808059027763,1.0
-0.16200000000000003,0.1575663495644722,1.0
-0.16000000000000003,0.03254679829178516,1.0
-0.15800000000000003,-0.0339418987550357,1.0
-0.15600000000000003,-0.06911873659186897,1.0
-0.15400000000000003,0.026887565319668093,1.0
-0.15200000000000002,-0.08520758350675198,1.0
-0.15000000000000002,-0.047045622930711364,1.0
-0.14800000000000002,-0.037473662642207334,1.0
-0.14600000000000002,-0.0380504566226858,1.0
-0.14400000000000002,-0.025905214590961123,1.0
-0.14200000000000002,0.056903602603878736,1.0
-0.14,0.04397019655879926,1.0
-0.138,0.03807170741722038,1.0
-0.136,0.2275160129131888,1.0
-0.134,0.001966694898622761,1.0
-0.132,0.15730211216126397,1.0
-0.13,-0.03263441548629241,1.0
-0.128,-0.05060299119340801,1.0
-0.126,-0.060807233845901865,1.0
-0.124,-0.0070106262556990494,1.0
-0.122,-0.07616492696140088,1.0
-0.12,-0.039264346101476943,1.0
-0.118,-0.13771836747105282,1.0
-0.11599999999999999,0.08309003670134162,1.0
-0.11399999999999999,-0.010185132283893159,1.0
-0.11199999999999999,0.08585563327221002,1.0
-0.10999999999999999,-0.06351397226974173,1.0
-0.10799999999999998,0.07494208381963603,1.0
-0.10599999999999998,0.05181752163382311,1.0
-0.10399999999999998,-0.12174916454680604,1.0
-0.10199999999999998,0.03501666214451517,1.0
-0.09999999999999998,-0.08905884527916627,1.0
-0.09799999999999998,-0.075887736619877,1.0
-0.09599999999999997,0.08209082684126703,1.0
-0.09399999999999997,0.09799065563847927,1.0
-0.09199999999999997,-0.03512314646635122,1.0
-0.08999999999999997,0.09447317639410616,1.0
-0.08799999999999997,-0.028673367299367557,1.0
-0.08599999999999997,-0.03641748466279345,1.0
-0.08399999999999996,0.1483960467218852,1.0
-0.08199999999999996,0.055942184904965137,1.0
-0.07999999999999996,0.05137702710075385,1.0
-0.07799999999999996,0.025224684039733034,1.0
-0.07599999999999996,-0.09770054874334906,1.0
-0.07399999999999995,-0.09014488711343274,1.0
-0.07199999999999995,0.1304109918927372,1.0
-0.06999999999999995,-0.15178903247886336,1.0
-0.06799999999999995,-0.15916580573399627,1.0
-0.06599999999999995,-0.2598770882968862,1.0
-0.06399999999999995,0.05229600843777973,1.0
-0.061999999999999944,-0.08316521095163346,1.0
-0.05999999999999994,-0.0488305528747119,1.0
-0.05799999999999994,-0.08437685293867782,1.0
-0.05599999999999994,-0.015324803045812286,1.0
-0.05399999999999994,0.019955931500012444,1.0
-0.051999999999999935,-0.007070887564404627,1.0
-0.04999999999999993,0.010612785036995339,1.0
-0.04799999999999993,0.03668383746047061,1.0
-0.04599999999999993,0.004892801501614975,1.0
-0.04399999999999993,0.07674388817463909,1.0
-0.041999999999999926,-0.0363026054151857,1.0
-0.040000000000000036,-0.13896173494091985,1.0
-0.038000000000000034,-0.09806980233589073,1.0
-0.03600000000000003,0.001399429178563156,1.0
-0.03400000000000003,0.09042791785524791,1.0
-0.03200000000000003,0.08243828579180432,1.0
-0.030000000000000027,-0.06319568440572726,1.0
-0.028000000000000025,-0.11291275610630327,1.0
-0.026000000000000023,0.01235647739390427,1.0
-0.02400000000000002,-0.18852032738666885,1.0
-0.02200000000000002,-0.05974018168398658,1.0
-0.020000000000000018,-0.17541029423508522,1.0
-0.018000000000000016,-0.007944287083528989,1.0
-0.016000000000000014,-0.1171116409667052,1.0
-0.014000000000000012,-0.012287393221642722,1.0
-0.01200000000000001,0.15218903175050505,1.0
-0.010000000000000009,0.14396773428415754,1.0
-0.008000000000000007,-0.142725444566985,1.0
-0.006000000000000005,0.0038866273192938307,1.0
-0.0040000000000000036,0.02199999223020303,1.0
-0.0020000000000000018,-0.024852869506669005,1.0
0.0,0.040065089564385474,1.0
0.0020000000000000018,-0.001065065958387997,1.0
0.0040000000000000036,0.07734102328283284,1.0
0.006000000000000005,-0.05190467711356248,1.0
0.008000000000000007,0.030935357297909766,1.0
0.010000000000000009,-0.07001491614640801,1.0
0.01200000000000001,0.06402827884087316,1.0
0.014000000000000012,-0.044345311231480194,1.0
0.016000000000000014,0.057184366486009455,1.0
0.018000000000000016,-0.040307559328269064,1.0
0.020000000000000018,-0.10057320688084,1.0
0.02200000000000002,0.09326411813846809,1.0
0.02400000000000002,-0.12145245928159028,1.0
0.026000000000000023,-0.14207304648584382,1.0
0.028000000000000025,-0.05980559443508919,1.0
0.030000000000000027,-0.01700357313111649,1.0
0.03200000000000003,-0.11478050707229817,1.0
0.03400000000000003,-0.026462897605515127,1.0
0.03600000000000003,-0.04506421639237224,1.0
0.038000000000000034,0.0241067043941166,1.0
0.040000000000000036,0.11389395301346016,1.0
0.041999999999999926,0.06872672009242298,1.0
0.04399999999999993,0.07884478241177682,1.0
0.04599999999999993,0.05619527544388665,1.0
0.04799999999999993,0.09850552791532116,1.0
0.04999999999999993,-0.08835878003665763,1.0
0.051999999999999935,-0.06152063468876045,1.0
0.05399999999999994,0.0055875261933300314,1.0
0.05599999999999994,-0.1157461199905104,1.0
0.05799999999999994,0.16813150928761073,1.0
0.05999999999999994,-0.06481376680919738,1.0
0.061999999999999944,0.09806110627833806,1.0
0.06399999999999995,-0.07182073036183534,1.0
0.06599999999999995,0.02681879178425269,1.0
0.06799999999999995,0.05862841973804046,1.0
0.06999999999999995,0.21873230911903715,1.0
0.07199999999999995,0.10348075854362916,1.0
0.07399999999999995,-0.03483242976874899,1.0
0.07599999999999996,-0.10375188113940285,1.0
0.07799999999999996,0.009163660666366705,1.0
0.07999999999999996,-0.04710963608078727,1.0
0.08199999999999996,-0.06153363253494533,1.0
0.08399999999999996,-0.057550604374702385,1.0
0.08599999999999997,0.19654913415540812,1.0
0.08799999999999997,-0.1644280813118507,1.0
0.08999999999999997,-0.05781954988966509,1.0
0.09199999999999997,0.05193703432626283,1.0
0.09399999999999997,0.1317343931244026,1.0
0.09599999999999997,0.004413634790223067,1.0
0.09799999999999998,0.02286745488138224,1.0
0.09999999999999998,0.1825328929585901,1.0
0.10199999999999998,0.011183874252325757,1.0
0.10399999999999998,-0.046300665809563074,1.0
0.10599999999999998,0.1557546766747615,1.0
0.10799999999999998,0.08134641517065158,1.0
0.10999999999999999,-0.1833523467079402,1.0
0.11199999999999999,-0.1315607609037637,1.0
0.11399999999999999,-0.09858054034411501,1.0
0.11599999999999999,0.028025371641219717,1.0
0.118,0.03329561258970809,1.0
0.12,0.08326373684116196,1.0
0.122,0.18731570734022746,1.0
0.124,0.07277051632280349,1.0
0.126,-0.07506451844972856,1.0
0.128,-0.06107674144108846,1.0
0.13,0.12752747290959332,1.0
0.132,0.0022167911697647015,1.0
0.134,-0.09454295611826764,1.0
0.136,0.13845945434196155,1.0
0.138,-0.17712832482554305,1.0
0.14,0.26406722894424567,1.0
0.14200000000000002,0.010666684236680657,1.0
0.14400000000000002,-0.025660987227742245,1.0
0.14600000000000002,-0.0049033480648828474,1.0
0.14800000000000002,-0.2080513773997912,1.0
0.15000000000000002,0.04497514966920467,1.0
0.15200000000000002,0.275749502202677,1.0
0.15400000000000003,-0.1489777867611183,1.0
0.15600000000000003,0.024350488829157503,1.0
0.15800000000000003,-0.0625888582343628,1.0
0.16000000000000003,0.039808132553844196,1.0
0.16200000000000003,-0.17924432436243923,1.0
0.16400000000000003,0.059011908847209756,1.0
0.16600000000000004,-0.06506244215547093,1.0
0.16799999999999993,-0.021141192594811568,1.0
0.16999999999999993,0.1825582094763742,1.0
0.17199999999999993,-0.04466688550016207,1.0
0.17399999999999993,-0.04073133216438341,1.0
0.17599999999999993,-0.013596942494031351,1.0
0.17799999999999994,0.07643552535389055,1.0
0.17999999999999994,0.14682959714314336,1.0
0.18199999999999994,0.09024756562601932,1.0
0.18399999999999994,-0.005990615029262243,1.0
0.18599999999999994,0.0009135898015547317,1.0
0.18799999999999994,0.08134723135308669,1.0
0.18999999999999995,0.032704209398733905,1.0
0.19199999999999995,-0.02589265040091812,1.0
0.19399999999999995,0.08233417704109874,1.0
0.19599999999999995,-0.07550959491030171,1.0
0.19799999999999995,0.11262197476045127,1.0
0.19999999999999996,0.194123905885968,1.0
0.20199999999999996,0.20584614449274444,1.0
0.20399999999999996,0.10411786684694511,1.0
0.20599999999999996,0.2996300566954463,1.0
0.20799999999999996,0.11305488980139014,1.0
0.20999999999999996,-0.025005962006187696,1.0
0.21199999999999997,-0.2533856842225446,1.0
0.21399999999999997,0.06263143860730505,1.0
0.21599999999999997,0.2116548166461389,1.0
0.21799999999999997,-0.2433684959110056,1.0
0.21999999999999997,0.24242042550272003,1.0
0.22199999999999998,-0.04266332336486218,1.0
0.22399999999999998,0.024885502625272053,1.0
0.22599999999999998,0.11055114378982134,1.0
0.22799999999999998,0.15706954913605492,1.0
0.22999999999999998,0.17109234171484944,1.0
0.23199999999999998,-0.07733325344464181,1.0
0.23399999999999999,0.07035675417489,1.0
0.236,0.004056471270584595,1.0
0.238,-0.021963259590379848,1.0
0.24,0.02457488926942606,1.0
0.242,0.11602801751109887,1.0
0.244,-0.0564857682040941,1.0
0.246,0.050759979254661206,1.0
0.248,0.021333944777926418,1.0
0.25,0.1332466160810306,1.0
0.252,0.06424228426966531,1.0
0.254,0.040174196385377045,1.0
0.256,-0.09551241766320027,1.0
0.258,0.11975593530967743,1.0
0.26,-0.12135178020350611,1.0
0.262,0.23729689961932915,1.0
0.264,0.14467379115411477,1.0
0.266,-0.017641444883756546,1.0
0.268,-0.15877695789310925,1.0
0.27,0.09564916589829933,1.0
0.272,-0.027432789484794926,1.0
0.274,0.31374201722002465,1.0
0.276,0.011865363758996841,1.0
0.278,0.20372520162304733,1.0
0.28,-0.02574916221212628,1.0
0.28200000000000003,0.09757147835966487,1.0
0.28400000000000003,0.02211955955340955,1.0
0.28600000000000003,0.03271161864322018,1.0
0.28800000000000003,0.1053253734793272,1.0
0.29000000000000004,-0.02874512950824784,1.0
0.29200000000000004,0.21091596323809703,1.0
0.29400000000000004,-0.001079388246815735,1.0
0.29600000000000004,-0.1260545398179273,1.0
0.29799999999999993,0.09581200738735408,1.0
0.29999999999999993,0.15598454623331198,1.0
0.30199999999999994,0.20089452578312422,1.0
0.30399999999999994,0.007068096720075065,1.0
0.30599999999999994,0.08258215956337013,1.0
0.30799999999999994,0.2641873437354213,1.0
0.30999999999999994,0.09498785722677677,1.0
0.31199999999999994,-0.10396870134011008,1.0
0.31399999999999995,0.015925355331181085,1.0
0.31599999999999995,-0.03557774611094183,1.0
0.31799999999999995,0.1490703599024733,1.0
0.31999999999999995,0.036140945520851744,1.0
0.32199999999999995,-0.06827682392857215,1.0
0.32399999999999995,0.13772622470160123,1.0
0.32599999999999996,0.056245784681209526,1.0
0.32799999999999996,0.3551865135572314,1.0
0.32999999999999996,0.1838355386198923,1.0
0.33199999999999996,0.11712106558532152,1.0
0.33399999999999996,0.2755565368291512,1.0
0.33599999999999997,0.22417183201178048,1.0
0.33799999999999997,0.1250650133260817,1.0
0.33999999999999997,0.1881869469940124,1.0
0.34199999999999997,0.26229065463046325,1.0
0.344,0.2641408480383897,1.0
0.346,0.15623689061795784,1.0
0.348,0.20753356303486642,1.0
0.35,0.3597827657689793,1.0
0.352,0.04293697893250367,1.0
0.354,0.1468156440054596,1.0
0.356,0.19043002409546686,1.0
0.358,0.1098250682435746,1.0
0.36,-0.023576698665044166,1.0
0.362,0.19155065692144568,1.0
0.364,0.1855151281426961,1.0
0.366,0.2937317028103373,1.0
0.368,0.015095650268551239,1.0
0.37,0.18404306778560092,1.0
0.372,0.1829694331053431,1.0
0.374,0.045953646895316044,1.0
0.376,0.13838553428735043,1.0
0.378,-0.0619198557807531,1.0
0.38,0.2767383562392164,1.0
0.382,0.14147584749226194,1.0
0.384,0.13675036421492548,1.0
0.386,0.15704412088879652,1.0
0.388,0.18914973161107096,1.0
0.39,0.15085740511219428,1.0
0.392,0.12411971549583124,1.0
0.394,0.1272080720209849,1.0
0.396,0.15395894938929788,1.0
0.398,0.25126478384422823,1.0
0.4,0.16835823479722203,1.0
0.402,0.10165162924072929,1.0
0.404,-0.09847269995531133,1.0
0.406,0.16926245721316857,1.0
0.40800000000000003,0.08283291439804438,1.0
0.41000000000000003,0.14985125506915237,1.0
0.41200000000000003,0.28797915948032526,1.0
0.41400000000000003,0.1606734139845995,1.0
0.41600000000000004,0.1504088684034965,1.0
0.41800000000000004,0.31227048047738476,1.0
0.42000000000000004,0.3868343171226969,1.0
0.42200000000000004,0.32494945110814155,1.0
0.42399999999999993,0.23098498102973705,1.0
0.42599999999999993,0.2207448007562712,1.0
0.42799999999999994,0.1402297129230169,1.0
0.42999999999999994,0.2629709743083424,1.0
0.43199999999999994,0.19647496357823618,1.0
0.43399999999999994,0.2696285173239421,1.0
0.43599999999999994,0.24485300097137128,1.0
0.43799999999999994,0.2108842216423346,1.0
0.43999999999999995,0.07115134176323802,1.0
0.44199999999999995,0.025190932983253755,1.0
0.44399999999999995,0.06850047710324703,1.0
0.44599999999999995,0.21358658473478062,1.0
0.44799999999999995,0.3232763431221706,1.0
0.44999999999999996,0.1894656574568985,1.0
0.45199999999999996,0.29737637321879196,1.0
0.45399999999999996,0.050401840036837675,1.0
0.45599999999999996,0.13556747668294578,1.0
0.45799999999999996,0.15180216225501927,1.0
0.45999999999999996,0.2625615720241589,1.0
0.46199999999999997,0.07786420561588811,1.0
0.46399999999999997,0.14301940564923735,1.0
0.46599999999999997,0.1693739529893661,1.0
0.46799999999999997,0.25160300483525666,1.0
0.47,0.24738388730919741,1.0
0.472,0.17391437916846886,1.0
0.474,0.3448176250983517,1.0
0.476,0.09731162256140258,1.0
0.478,0.05857404837987537,1.0
0.48,0.12319346459317032,1.0
0.482,0.17231243424388687,1.0
0.484,0.32219057622063274,1.0
0.486,0.47336827747620314,1.0
0.488,0.1981611735134976,1.0
0.49,0.06641994440890617,1.0
0.492,0.1764748602666244,1.0
0.494,-0.045879322924722604,1.0
0.496,0.1774974141350294,1.0
0.498,0.375048958235882,1.0
0.5,0.40578207689581597,1.0
0.502,0.19140433465802517,1.0
0.504,0.09886698479931877,1.0
0.506,0.2936169363497507,1.0
0.508,0.2855001163130672,1.0
0.51,0.20754853949631025,1.0
0.512,0.3611539251671214,1.0
0.514,0.2963361719754671,1.0
0.516,0.2893820738582406,1.0
0.518,0.20608280128049153,1.0
0.52,0.3977769469590219,1.0
0.522,0.43116346719733184,1.0
0.524,0.16278570848284585,1.0
0.526,0.2523185681107062,1.0
0.528,0.31134981362730046,1.0
0.53,0.2624851300195982,1.0
0.532,0.3905540571877597,1.0
0.534,0.08404953676315796,1.0
0.536,0.2633138580269354,1.0
0.538,0.25670834177373997,1.0
0.54,0.47731292186292845,1.0
0.542,0.18681855506357292,1.0
0.544,0.4076974201355087,1.0
0.546,0.2715090101029675,1.0
0.548,0.33772839065065136,1.0
0.55,0.20675436328353225,1.0
0.552,0.28563418958174663,1.0
0.554,0.15528207842711295,1.0
0.556,0.21190305995764203,1.0
0.558,0.20347961525234703,1.0
0.56,0.4078113029045047,1.0
0.562,0.2543967733070914,1.0
0.5640000000000001,0.19430125866451559,1.0
0.5660000000000001,0.12832752094406266,1.0
0.5680000000000001,0.3342676395461842,1.0
0.5700000000000001,0.1712735688873747,1.0
0.5720000000000001,0.20668428303032016,1.0
0.5740000000000001,0.2452460783005101,1.0
0.5760000000000001,0.18641460739953972,1.0
0.5780000000000001,0.39289972175232485,1.0
0.5800000000000001,0.4349087672442539,1.0
0.5820000000000001,0.43840807452093855,1.0
0.584,0.2929952577621964,1.0
0.586,0.38396650103141494,1.0
0.588,0.3488785483723548,1.0
0.59,0.34569330117813635,1.0
0.592,0.12638220441591205,1.0
0.594,0.32794047590253816,1.0
0.596,0.509427210455988,1.0
0.598,0.260411893674058,1.0
0.6,0.38923882118916675,1.0
0.602,0.4464937170085855,1.0
0.604,0.33339714731148923,1.0
0.606,0.44895880680131794,1.0
0.608,0.42110710268471774,1.0
0.61,0.394522251667368,1.0
0.612,0.4219800554065943,1.0
0.614,0.5198795247926852,1.0
0.616,0.5757006135766909,1.0
0.618,0.412250841999194,1.0
0.62,0.39064696934475895,1.0
0.622,0.4808968294437095,1.0
0.624,0.47437389670834323,1.0
0.626,0.4533246399510658,1.0
0.628,0.360016981507388,1.0
0.63,0.19826598503425213,1.0
0.632,0.383475155423333,1.0
0.634,0.3194564902821482,1.0
0.636,0.45474929744308096,1.0
0.638,0.2113702025874906,1.0
0.64,0.5192562703302452,1.0
0.642,0.45165016141540215,1.0
0.644,0.47152333883708847,1.0
0.646,0.3211335310361307,1.0
0.648,0.36939123405350766,1.0
0.6499999999999999,0.4432791069741583,1.0
0.6519999999999999,0.530882483915554,1.0
0.6539999999999999,0.5311847329966296,1.0
0.6559999999999999,0.33120015421736304,1.0
0.6579999999999999,0.43959884921267656,1.0
0.6599999999999999,0.2973068536597909,1.0
0.6619999999999999,0.23301359867084978,1.0
0.6639999999999999,0.3935456390651102,1.0
0.6659999999999999,0.3375021081090573,1.0
0.6679999999999999,0.41444717193581293,1.0
0.6699999999999999,0.527501372607198,1.0
0.6719999999999999,0.5491991964642146,1.0
0.6739999999999999,0.4353217727034061,1.0
0.6759999999999999,0.4166890433936725,1.0
0.6779999999999999,0.41698192930272693,1.0
0.6799999999999999,0.3846800910544129,1.0
0.6819999999999999,0.5111396987959108,1.0
0.6839999999999999,0.424967340549283,1.0
0.6859999999999999,0.5171251629141634,1.0
0.688,0.3824457588264772,1.0
0.69,0.5629264615937538,1.0
0.692,0.42840369483188706,1.0
0.694,0.4936749535802559,1.0
0.696,0.5635226226033102,1.0
0.698,0.37366241718842425,1.0
0.7,0.34033198828850064,1.0
0.702,0.41361153046008814,1.0
0.704,0.4842714764938543,1.0
0.706,0.5779685667145266,1.0
0.708,0.33169981099869816,1.0
0.71,0.44819812358697475,1.0
0.712,0.7005720540125939,1.0
0.714,0.6663150471308441,1.0
0.716,0.5937313331779844,1.0
0.718,0.5521784666568524,1.0
0.72,0.34401575092878434,1.0
0.722,0.4975097888649413,1.0
0.724,0.6215663784703729,1.0
0.726,0.6282226161639425,1.0
0.728,0.44237330876868164,1.0
0.73,0.3100686799507293,1.0
0.732,0.48539079273489766,1.0
0.734,0.5267187986198002,1.0
0.736,0.5617789497454097,1.0
0.738,0.7354141152193279,1.0
0.74,0.6824382167482258,1.0
0.742,0.617863851985331,1.0
0.744,0.3115310925015782,1.0
0.746,0.5371013419371159,1.0
0.748,0.6554716307101884,1.0
0.75,0.5540658217485246,1.0
0.752,0.657425918118395,1.0
0.754,0.4538195311368606,1.0
0.756,0.7420172553103092,1.0
0.758,0.5243197711377205,1.0
0.76,0.5711064852452113,1.0
0.762,0.8038616274376711,1.0
0.764,0.6795434379603686,1.0
0.766,0.49204567637738444,1.0
0.768,0.477988714838574,1.0
0.77,0.7511987301244392,1.0
0.772,0.70159481951276,1.0
0.774,0.5602349701434147,1.0
0.776,0.654207800968692,1.0
0.778,0.6043410588385534,1.0
0.78,0.6610734492255255,1.0
0.782,0.6060512003622766,1.0
0.784,0.5888736143475207,1.0
0.786,0.5191577425312817,1.0
0.788,0.7063135057579717,1.0
0.79,0.5515350366254543,1.0
0.792,0.8233481010992726,1.0
0.794,0.6823813118660496,1.0
0.796,0.592127995385895,1.0
0.798,0.6800661844473093,1.0
0.8,0.6164127881486775,1.0
0.802,0.5769440203208662,1.0
0.804,0.7268031638298053,1.0
0.806,0.6204007099560532,1.0
0.808,0.540482958918147,1.0
0.81,0.7092970769683727,1.0
0.812,0.7823427184701579,1.0
0.8140000000000001,0.42366520087081905,1.0
0.8160000000000001,0.6627252081883115,1.0
0.8180000000000001,0.6742214461787356,1.0
0.8200000000000001,0.46519519682193605,1.0
0.8220000000000001,0.5815454663547233,1.0
0.8240000000000001,0.6446581358800488,1.0
0.826,0.7691285406325399,1.0
0.828,0.7169289451717141,1.0
0.83,0.8817887592829685,1.0
0.832,0.7131895017976464,1.0
0.834,0.668142115409613,1.0
0.836,0.7179723791147659,1.0
0.838,0.628096008450555,1.0
0.84,0.6165117374091679,1.0
0.842,0.661279508000456,1.0
0.844,0.838172040831153,1.0
0.846,0.61278036800681,1.0
0.848,0.5815399693488121,1.0
0.85,0.7661719487603126,1.0
0.852,0.7631651007539806,1.0
0.854,0.6001689933426988,1.0
0.856,0.8183612903432226,1.0
0.858,0.774213154387227,1.0
0.86,0.7464102305450511,1.0
0.862,0.766041058495308,1.0
0.864,0.6751634030864714,1.0
0.866,0.8993205228892361,1.0
0.868,0.811296884437458,1.0
0.87,0.6958665586663595,1.0
0.872,0.7750985445371374,1.0
0.874,0.7690714273873502,1.0
0.876,0.7394975230935087,1.0
0.878,0.6975299332923456,1.0
0.88,0.8222226428938915,1.0
0.882,0.743861182565312,1.0
0.884,0.8639734968853756,1.0
0.886,0.7461956116549585,1.0
0.888,0.782083464139236,1.0
0.89,0.8439639565343996,1.0
0.892,0.8341517258501266,1.0
0.894,0.7006150684897529,1.0
0.896,0.8114044327238477,1.0
0.898,0.7178947109257525,1.0
0.9,0.9259651171766425,1.0
0.902,0.9776991197892289,1.0
0.904,0.8120023375854071,1.0
0.906,0.6999999144042228,1.0
0.908,0.8963960166188236,1.0
0.91,1.0284916938552646,1.0
0.912,0.8470754555999127,1.0
0.914,0.7385688068978906,1.0
0.916,0.7429756606582852,1.0
0.918,0.8584756194646891,1.0
0.92,0.8524661404164965,1.0
0.922,1.0666490684958143,1.0
0.924,0.800850394913563,1.0
0.926,0.8575503237622634,1.0
0.9279999999999999,0.7843980245069191,1.0
0.9299999999999999,0.8776397231870843,1.0
0.9319999999999999,1.038406688715943,1.0
0.9339999999999999,0.9159688967465426,1.0
0.9359999999999999,0.920888685852758,1.0
0.938,1.053359671177135,1.0
0.94,0.9103539510413926,1.0
0.942,0.9574413944448971,1.0
0.944,0.9220949644490379,1.0
0.946,0.9405470063346584,1.0
0.948,0.7219647325377551,1.0
0.95,1.05908656036269,1.0
0.952,0.8651226190692813,1.0
0.954,0.9469644212749674,1.0
0.956,0.9757161310808123,1.0
0.958,0.769676453853138,1.0
0.96,0.8472456461435288,1.0
0.962,0.9470971003352285,1.0
0.964,0.8035106965234129,1.0
0.966,1.0846030143719707,1.0
0.968,0.5409238240587932,1.0
0.97,0.839850389183426,1.0
0.972,1.0822525093479936,1.0
0.974,0.9526768203068526,1.0
0.976,1.0688903605122264,1.0
0.978,1.124540354933499,1.0
0.98,0.9774154199832672,1.0
0.982,1.0142437816207361,1.0
0.984,1.0643122971739638,1.0
0.986,1.128478570819966,1.0
0.988,0.9670890881705807,1.0
0.99,0.9809748269150488,1.0
0.992,0.9676533638288334,1.0
0.994,1.099863599671344,1.0
0.996,0.973534905227229,1.0
0.998,1.1276378813633534,1.0
1.0,0.8209765501134,1.0
0.0403451658772595,0.9735442599931075,-1.0
-0.01755344633188269,0.2271928079514572,-1.0
0.12274650435434938,0.5268703947292572,-1.0
0.2848992371590061,0.37415857260101065,-1.0
-0.005928551733688836,0.6084294468869446,-1.0
-0.1653269619489119,0.6014882937518401,-1.0
0.10954318944339504,0.5008330622650782,-1.0
-0.24811785157461239,0.32523653319482815,-1.0
0.1592661541103389,0.37808170122792173,-1.0
0.09446055493503792,0.6513631627178392,-1.0
0.04574464276072927,0.7446534224507916,-1.0
0.13043345729259695,0.6787087145583427,-1.0
-0.07762752511856195,0.7101572060283241,-1.0
-0.03629062783930011,0.6395165082790608,-1.0
0.08664995813932425,0.41755521364164827,-1.0
-0.14188894448713082,0.5141044544888025,-1.0
-0.21249060079846793,0.6497516318920586,-1.0
-0.01479057408039922,0.370152323081895,-1.0
0.17072958439478536,0.46794022305359684,-1.0
0.12879191954074437,0.27719995867774644,-1.0
-0.10685803313309206,0.6070470306689836,-1.0
-0.20147827931610696,0.4850171152140377,-1.0
0.011017156118933058,0.09627824938832218,-1.0
-0.03672783515261923,0.6304508357460314,-1.0
0.0039915737645289905,0.47592541398953847,-1.0
-0.23634701747666553,0.6027907975377405,-1.0
-0.037256290734455126,0.4182960607936994,-1.0
0.184339318289004,0.30383002206462373,-1.0
0.06367185780780116,0.24664058552057064,-1.0
0.1799684617260035,0.11244556328746697,-1.0
-0.051861437800187954,0.482765915150792,-1.0
0.13077106512667383,0.6132122821189663,-1.0
0.24499969299929442,0.35346336457810423,-1.0
0.08776929651685669,0.4837627619514246,-1.0
0.14985295440853685,0.7313200999018222,-1.0
0.045714711682424275,0.6435281718376527,-1.0
0.14042407347279373,0.5552398700367146,-1.0
-0.18556444206443531,0.4757838261320977,-1.0
0.13787288428949698,0.536255760660013,-1.0
0.09912028437800312,0.5440392672297174,-1.0
0.00045336997505971907,0.29798659487329215,-1.0
0.07906560041837392,0.1399266877540243,-1.0
0.1319762891871364,0.6188465573396392,-1.0
0.0932121148286288,0.5579277404581348,-1.0
0.14966467699919594,0.432967962061663,-1.0
0.3954801750357503,0.3223348518178475,-1.0
0.09290287731846607,0.490990683507909,-1.0
0.009912543864548422,0.47225429584735834,-1.0
0.37358630907245527,0.48596030638655996,-1.0
-0.12763677875295115,0.5185803602434427,-1.0
0.0016246940372227174,0.17004629979826374,-1.0
0.11469942078346024,0.488555671704184,-1.0
-0.15182454496735848,0.40771052798833163,-1.0
-0.1592061072460911,0.3289732087914934,-1.0
0.15553539054156962,0.35406899697726757,-1.0
0.12408860475501668,0.31456457161267093,-1.0
-0.15228247913608856,0.30521929701846773,-1.0
-0.07363117426446368,0.5187094761105175,-1.0
0.07449484694186298,0.5834145707699084,-1.0
0.36013985285638833,0.5622079798727199,-1.0
0.051042741517121355,0.31085213967181763,-1.0
0.23074930933808976,0.42414536843530776,-1.0
0.21676279845182336,0.47283076210035374,-1.0
0.08845343351443323,0.5884806670622166,-1.0
-0.3635479474286765,0.5529644195334155,-1.0
-0.025084819700598976,0.5311414291533039,-1.0
-0.22275156932521012,0.39742533039327144,-1.0
0.10259526062600813,0.5553170533571135,-1.0
0.32580002104162165,0.4941666669917546,-1.0
-0.0767574919491712,0.5546122044892632,-1.0
-0.06525367815453958,0.8524941497999571,-1.0
-0.04285086091630794,1.0339906558433107,-1.0
-0.12740002727106675,0.6041390181503496,-1.0
0.3563990575349125,0.5694896044824148,-1.0
0.09033875933612143,0.49077877944342735,-1.0
-0.03896232434063814,0.5184350061160673,-1.0
-0.2771457120557666,0.26943021749090046,-1.0
0.12706589161122012,0.3266684067190769,-1.0
0.08349337695697,0.3666620629885496,-1.0
-0.052556457862296735,0.3473822395989592,-1.0
0.07289301396931724,0.29335240800167584,-1.0
-0.02400774256748671,0.4031139565881481,-1.0
-0.07180614040434523,0.46971256665771177,-1.0
-0.12417916640124284,0.39402115943938965,-1.0
-0.1383887064157347,0.5648912548975378,-1.0
-0.1684244773164994,0.6383248149659065,-1.0
0.15889862442608654,0.2524816487218528,-1.0
0.11404505091675304,0.34582501483573774,-1.0
-0.016724413467332735,0.470355408116023,-1.0
-0.03853769975054036,0.3525288627005223,-1.0
-0.04721886071513744,0.21546329223703853,-1.0
-0.03265242163981184,0.7414775701428034,-1.0
-0.10512779575522348,0.7344807602760327,-1.0
0.029009977753226338,0.35574839141132514,-1.0
-0.05615569012120997,0.5129490419566987,-1.0
0.16613982802042399,0.4136482364321755,-1.0
0.10042752527094406,0.7303269403246564,-1.0
0.12648686499886816,0.3312949767989591,-1.0
0.09411104202251201,0.7509799960050922,-1.0
0.0392289527578608,0.3377515788565316,-1.0
-0.0355190718648142,0.6132967389905646,-1.0
-0.17908195161585833,0.5464161575280257,-1.0
-0.16658720608945912,0.36680459699224877,-1.0
0.07476051544829404,0.42880225198845345,-1.0
0.07967363414423702,0.3621339512632963,-1.0
-0.03425719239229982,0.6502921016456517,-1.0
0.4421658510312306,0.23288516534671985,-1.0
-0.11196874046271729,0.3937564626193174,-1.0
0.012267209525046036,0.44525223313989326,-1.0
-0.13830076223592327,0.2877353869351126,-1.0
0.17529043976916714,0.4639823741222688,-1.0
-0.23981790808001674,0.22964787381022442,-1.0
0.10949538907527996,0.19122222902422248,-1.0
0.1796102623599155,0.5435905650768307,-1.0
-0.10584399240706696,0.6167535177922563,-1.0
0.04717843591825879,0.46333122002459637,-1.0
-0.2745876790324915,0.41070407262333575,-1.0
-0.0969399389721575,0.4649194967454926,-1.0
0.07009074412047364,0.5890620869814458,-1.0
-0.2410902668198242,0.16709161824846058,-1.0
0.012233313530254822,0.381120186140548,-1.0
0.041012990015850834,0.5493594303926068,-1.0
0.09009235479610495,0.3172779489747704,-1.0
-0.2458270619456694,0.17061264511167507,-1.0
0.15775243060973654,0.5017992415948984,-1.0
-0.030811914308932337,0.7363249148591308,-1.0
-0.16992795976706268,0.4532680767952942,-1.0
-0.2561815774633638,0.3372393988836115,-1.0
-0.42297577988616786,0.4468815746319499,-1.0
-0.024966574879841573,0.42874582623007684,-1.0
0.04881231982203128,0.1679627758334482,-1.0
-0.007909411953786343,0.4289633502438238,-1.0
0.08600726538264804,0.3648277566803345,-1.0
0.23622372825614674,0.3771876213818748,-1.0
-0.038271776846275654,0.12227434759405448,-1.0
0.019329309696658525,0.36914010333518843,-1.0
0.029422937296546083,0.5642340677445585,-1.0
-0.04127788433767665,0.28273135576948427,-1.0
0.05250664143632673,0.3096986205413078,-1.0
0.20007014193247782,0.551167703114669,-1.0
-0.25611782068774386,0.3694620495171647,-1.0
0.23966417807749874,0.5711530309518505,-1.0
0.05054362095808665,0.7489022822124163,-1.0
-0.17663327773668216,0.6748168317605855,-1.0
0.08789969737410813,0.29257441396213973,-1.0
-0.010456492335557246,0.5791617295266793,-1.0
-0.04418683710162596,0.6220267283029954,-1.0
-0.21568510857650425,0.18106381933975724,-1.0
-0.42704500053875727,0.6854467904281547,-1.0
-0.0011880561679837656,0.482361596658775,-1.0
-0.18159639421296903,0.5927240843510536,-1.0
0.034033502253687925,0.38080952384854716,-1.0
-0.0011739578542855067,0.23270891579796227,-1.0
-0.061810455043824944,0.43752136937539055,-1.0
-0.04064364527050987,0.2964471216195327,-1.0
0.015875161213521775,0.13378668427861679,-1.0
-0.28391560706827546,0.5045938175541349,-1.0
-0.04504799823068015,0.09623678384861205,-1.0
-0.18555201954212808,0.42541069403696274,-1.0
0.16425877573199904,0.23930602823270375,-1.0
0.12210730234978165,0.3603470021160724,-1.0
-0.2375181952456672,0.49548900392260503,-1.0
0.267572715761405,0.4352726840088358,-1.0
-0.023478902427588582,0.3969165701934634,-1.0
-0.029303759404713737,0.36801808479371806,-1.0
0.0321897633733166,0.2707998717638095,-1.0
0.31914654387577734,0.1213806509544181,-1.0
-0.13259076575575254,0.6835763740755967,-1.0
-0.06700744367625905,0.3312581594084152,-1.0
-0.15938876303173427,0.4016728382088696,-1.0
0.11402491695088054,0.42777883829149926,-1.0
-0.10699611466953034,0.3859590966650286,-1.0
0.20859185410062475,0.30202367441877187,-1.0
0.23352795267636606,0.5010095429537113,-1.0
0.10586337535644566,0.5742016595918298,-1.0
0.07365449056546747,0.6321330635644157,-1.0
0.19912771085228975,0.5318458260816792,-1.0
-0.13226374623713186,0.4782689916710122,-1.0
-0.22511912102500678,0.48230883582392814,-1.0
-0.2926308992723863,0.3030457108038099,-1.0
0.07223713337465121,0.37753601717896695,-1.0
-0.08262209734261466,0.7478213778635845,-1.0
-0.13996790760213404,0.2105102683593879,-1.0
0.07434022706110295,0.4556237501823043,-1.0
-0.2800140445138531,0.6275188325475624,-1.0
-0.25076578962091467,0.3837833669673248,-1.0
-0.12749911507605124,0.43039216844650097,-1.0
0.09049260408471127,0.35801737510048237,-1.0
-0.14252188460511425,0.5920696569163647,-1.0
-0.3860213387157735,0.48311564178469923,-1.0
0.12145370463450676,0.7060853244858976,-1.0
0.13926561972310653,0.5312921103959148,-1.0
-0.054243940113529746,0.6097121306989717,-1.0
0.24852475048166464,0.6513616343302959,-1.0
-0.05207760058680411,0.42822951563187717,-1.0
-0.018884299720843614,0.5446217637896162,-1.0
-0.0970965657721145,0.36852242918443706,-1.0
0.16867264710649843,0.552173440161149,-1.0
0.11113711236343754,0.5255944076334146,-1.0
-0.3304260360930628,0.5988211084513877,-1.0
-0.016283499226262363,0.49685243995443373,-1.0
0.17333335766095787,0.2925428572050395,-1.0
-0.12722902134927372,0.5752203392243729,-1.0
-0.027294232177237282,0.3197226886082935,-1.0
0.04260328248498814,0.51232700351116,-1.0
-0.27454453186684846,0.6441177772416232,-1.0
0.2185883439110305,0.2020662732129756,-1.0
0.11024321627149389,0.779644325303573,-1.0
-0.01830626379700711,0.4663848105339965,-1.0
0.20521548871082806,0.6969221054292718,-1.0
-0.2747907351425771,0.33998022227593516,-1.0
0.0740683070056038,0.43330630462373215,-1.0
0.07046412792831878,0.5865678724211887,-1.0
0.006255347694560945,0.46047445182781493,-1.0
-0.048991040599054625,0.4437690644587759,-1.0
0.030442033623498843,0.3818544689990911,-1.0
0.11081011049624533,0.30990755941349446,-1.0
-0.05544558268803659,0.27699900144885503,-1.0
-0.1512787769688742,0.4976913118601664,-1.0
-0.002049966953097282,0.42862083610640866,-1.0
-0.11723453973486171,0.593865115701265,-1.0
-0.08282856873326856,0.5688743308223448,-1.0
-0.05772503710933699,0.543191767142754,-1.0
-0.09912650399302128,0.23644590979061278,-1.0
0.23582677901998433,0.6327854316096244,-1.0
-0.14033901140268815,0.3784604420350685,-1.0
0.23242223912372692,0.06495587270592937,-1.0
0.027096170687147026,0.609122939162806,-1.0
-0.03875734736600253,0.49220063042423,-1.0
-0.009599589248473862,0.5286431398639326,-1.0
-0.06030977094534187,0.37239140112898506,-1.0
0.18683921543632334,0.4874223055429284,-1.0
-0.1280749302036661,0.4821285842595072,-1.0
-0.21934412303591394,0.3496429677750863,-1.0
0.007551270100742898,0.42026325424300753,-1.0
-0.038593155797575655,0.19517787184377827,-1.0
0.11382788833506974,0.27334397551931117,-1.0
-0.1544098884073477,0.39295234964289055,-1.0
0.03310399842916853,0.5038688833679449,-1.0
0.047350470191834575,0.6414488357498414,-1.0
-0.16144146114384633,0.5754594650386707,-1.0
-0.1093293934377342,0.4711487968225474,-1.0
0.14808706605122984,0.6794553850435932,-1.0
-0.021477674497589597,0.49303453214003096,-1.0
0.09552916871334319,0.09945796759253654,-1.0
-0.09825185869315692,0.36716869184985057,-1.0
-0.035517942904266415,0.13651017077434235,-1.0
-0.16924142637911457,0.47051246077945524,-1.0
0.003386590005661952,0.43836777593506127,-1.0
-0.08109183636225356,0.5717923734635438,-1.0
-0.022722395047761135,0.5847245255082131,-1.0
-0.12036366594971583,0.5483923282589122,-1.0
-0.21203790673068945,0.21663511070936664,-1.0
0.04641166876751389,0.4698029212913025,-1.0
0.1566719367877913,0.3811835860137975,-1.0
0.05601373083256478,0.4892556682130025,-1.0
-0.11941900533387381,0.22448675828938977,-1.0
-0.03698578994704004,0.4974328391651559,-1.0
-0.005572460100323778,0.4038623186120939,-1.0
0.06639128528444443,0.666741159286418,-1.0
-0.1170669008927223,0.6170024883145615,-1.0
-0.1303903937899322,0.41155833167064537,-1.0
0.17886688488247093,0.5982020065737995,-1.0
0.010657925698447604,0.5294154116642098,-1.0
0.053708577068040865,0.6896935623026041,-1.0
-0.1805878920754357,0.2417911153746992,-1.0
0.21090776477166218,0.6470576189175107,-1.0
0.11368121383455826,0.3832935270027311,-1.0
0.16254620031864464,0.4408124075554236,-1.0
0.14327410453477468,0.6338737734877975,-1.0
-0.2023026258284711,0.4576404932212935,-1.0
0.22711939820047056,0.3679200994431794,-1.0
-0.16885335234086613,0.2524956199049664,-1.0
-0.2639956648755478,0.39367938621201404,-1.0
0.0032064768495230073,0.4803812436442187,-1.0
0.33024174568106274,0.17465568403332976,-1.0
0.02501124015139221,0.32322758501784615,-1.0
-0.03703600254568363,0.4659703628331608,-1.0
0.013862523791895572,0.16078038210874027,-1.0
-0.045030816749590946,0.45811941201183637,-1.0
-0.33290892741237066,0.33834391844626055,-1.0
-0.2339874278537969,0.5909603969753934,-1.0
0.04876210598093806,0.34346493944513834,-1.0
-0.21057366930301932,0.45589780578523387,-1.0
-0.047312073911945876,0.5034455294550186,-1.0
-0.15608549399317767,0.19052504109918425,-1.0
-0.002890314492086321,0.3133415142890496,-1.0
-0.10685694814426475,0.4311746276848732,-1.0
0.08495835947380327,0.28734352023431886,-1.0
0.03532468944797276,0.32901358336505493,-1.0
0.008364077438520676,0.6586626996853914,-1.0
0.0902269970216433,0.5289447901161575,-1.0
-0.05149676699666478,0.3599363639458773,-1.0
0.13281862828227928,0.46370261945879443,-1.0
-0.07905083873443279,0.4686600515541531,-1.0
-0.06270544462264915,0.3150219882621431,-1.0
-0.07813377021639273,0.3641565981163151,-1.0
0.09960041445874122,0.2980580880392782,-1.0
0.038289887935295475,0.35802456085875567,-1.0
0.011076426592942945,0.4089285633485621,-1.0
0.09201433217735469,0.376449146105022,-1.0
0.06626367315776993,0.37652314449638785,-1.0
0.1015980537612881,0.3539778637772419,-1.0
-0.18713595165767832,0.5070619140438076,-1.0
-0.05140353663045736,0.4445794626387974,-1.0
-0.0759289102544739,0.6010472004564916,-1.0
0.022888292632004734,0.552451498018061,-1.0
0.2352386587977761,0.5596578752097326,-1.0
0.17792652006903695,0.20943746031400257,-1.0
0.0008356528136644198,0.4956969386409682,-1.0
0.10888117895478565,0.5672428445082085,-1.0
0.14598645406638888,0.5130408926815749,-1.0
0.12515768550620165,0.32891344170387676,-1.0
0.04097018144627756,0.4248953729024216,-1.0
-0.01588183936039167,0.48754268351922025,-1.0
-0.20891017505033713,0.2734004629739325,-1.0
-0.00249131730226701,0.4390009240609357,-1.0
0.07181007321485891,0.28033294480113585,-1.0
0.2725933247623706,0.4712023436110273,-1.0
-0.17607611354469943,0.31872590215971136,-1.0
0.30682793077501525,0.22967672438120582,-1.0
0.17657984938603885,0.3535164254766865,-1.0
0.2944208777145892,0.48258353458624564,-1.0
-0.021160472538918517,0.3427027983431449,-1.0
-0.17520946355100459,0.521430465896898,-1.0
0.3513362979140744,0.5397820290047317,-1.0
-0.09428601669533772,0.359738020015876,-1.0
0.043131126689227764,0.8293237766238774,-1.0
-0.04785419082599524,0.28205479460072513,-1.0
0.1337207375749973,0.4096247749239783,-1.0
0.14969166893877514,0.4267456772313156,-1.0
0.04059517872221989,0.5296664615512169,-1.0
0.0742624935394317,0.5082255071529227,-1.0
-0.16008366249972722,0.5933071443769876,-1.0
-0.2653566182720147,0.38231687381720886,-1.0
-0.009990639978973334,0.48011264940732884,-1.0
0.10051924927913425,0.21786070436250216,-1.0
-0.10006415013912322,0.34114910698925405,-1.0
-0.01963709878097919,0.1192361958985351,-1.0
0.031873169443722066,0.49080333325690845,-1.0
-0.04897835479678814,0.5920441875171978,-1.0
0.09969960530989275,0.6070561619072783,-1.0
-0.16172527547379567,0.32045649007583316,-1.0
0.18448280686550994,0.22718100515241857,-1.0
0.12013349966505119,0.5083332787673548,-1.0
-0.1990334750066815,0.6974854288815264,-1.0
0.07489702565167827,0.7145413102067203,-1.0
0.07479505173905479,0.4533087293683301,-1.0
0.14635786213612964,0.3172955521423417,-1.0
0.12056460614747846,0.44813932742368645,-1.0
-0.16876374710163095,0.7098788090786796,-1.0
0.14866920764408573,0.40862464168178647,-1.0
0.13009983520409177,0.3813511635414496,-1.0
-0.08066275626541872,0.5920479138281474,-1.0
-0.024986175721886734,0.2966542071206733,-1.0
0.20662237965721883,0.19102218679650373,-1.0
-0.1276653748580832,0.6435432241959559,-1.0
0.12723493282381515,0.5423577132444006,-1.0
-0.10391131044571214,0.21772869836020034,-1.0
-0.15146145578632053,0.4226701288964077,-1.0
0.2937928878294341,0.6983035424429702,-1.0
0.22021161109948578,0.5081207323322394,-1.0
-0.21381393667092216,0.4559366835728697,-1.0
0.036886492143130466,0.7040209225038339,-1.0
-0.014249481174464715,0.3467192326297165,-1.0
-0.11250507594583206,-0.14585004518316072,-1.0
0.03384724787952542,0.44972745645473977,-1.0
0.17530871891585506,0.23988037204331347,-1.0
-0.010595882035805387,0.44725746873700617,-1.0
-0.11564925140094505,0.24230279048160167,-1.0
0.19839834689092284,0.5330645443828863,-1.0
0.015405936990806363,0.5597881782210484,-1.0
-0.02119857154246252,0.47471602157256954,-1.0
0.05820618920954787,0.1763555750864841,-1.0
0.09678241597949172,0.7725127354484403,-1.0
-0.013542801843454046,0.18335752887363285,-1.0
0.20151555973180557,0.45318083145063487,-1.0
0.024904371891381845,0.9052151493314746,-1.0
-0.03341729823268265,0.4741342373919156,-1.0
-0.1897658815355851,0.34106633880890325,-1.0
0.07878337273973701,0.46048333218612464,-1.0
-0.21728730379923217,0.29471874169481915,-1.0
-0.12759952464824992,0.4282046797552709,-1.0
0.06292075884301866,0.5693306536871184,-1.0
0.056866798569105356,0.40407088741546504,-1.0
0.1876211162206845,0.5683118326470478,-1.0
-0.14763445372823886,-0.0046727453523163764,-1.0
-0.01566138172336047,0.5821980942029015,-1.0
0.1296965098097454,0.2432512014003781,-1.0
0.18640670527102157,0.3875885759865521,-1.0
0.15099312564201608,0.29218636053013664,-1.0
0.04328200509958033,0.5213723857176291,-1.0
-0.3103879418520457,0.37703427552992513,-1.0
0.19794596765569628,0.44611129422300505,-1.0
-0.139904708484627,0.605560122971721,-1.0
0.02427054594958168,0.34549641426503097,-1.0
0.25954496440115715,0.31778675619151986,-1.0
-0.22333819516992115,0.8068571855123233,-1.0
0.09447753267381334,0.3766237747708351,-1.0
0.0387994329315253,0.29831172559799923,-1.0
-0.10064068884284538,0.5750935292195322,-1.0
-0.18112956305360245,0.5241648351651692,-1.0
0.3342010519850057,0.29475133922014407,-1.0
0.16507325526603245,0.4772862110255025,-1.0
0.0957404832216496,0.24453680483456447,-1.0
-0.1280999454312355,0.7042514682332612,-1.0
0.005989233431204069,0.6466624154126578,-1.0
0.3340845337368591,0.2005083693761452,-1.0
0.23700336590896287,0.5613701272019392,-1.0
0.23324479698948777,0.29086490323439174,-1.0
0.17838051294633459,0.28948748403688784,-1.0
0.01039994142083623,0.6565656834027522,-1.0
-0.15382536810007091,0.458573684785751,-1.0
-0.2407528591007154,0.16550898945858927,-1.0
-0.22349400562515287,0.3363703139375776,-1.0
0.03067351272036438,0.2147836677395579,-1.0
-0.06920635007710658,0.36118703322791285,-1.0
0.17528985881449047,0.5470931205769541,-1.0
-0.40152608797875183,0.6020011063695124,-1.0
-0.10869862240780348,0.4524889353928251,-1.0
-0.3382015229014558,0.4074650408695325,-1.0
-0.048522578286317335,0.797407121689632,-1.0
0.29413256049531206,0.19435208566090098,-1.0
-0.09651066862773873,0.39784649254200644,-1.0
0.09890416357004377,0.282782586691498,-1.0
-0.015229450367220954,0.3032182004986467,-1.0
0.17464977930208114,0.33945880982528537,-1.0
-0.08779991182221132,0.39727798288164706,-1.0
-0.04492149124725038,0.5561400948721554,-1.0
0.15733686651388937,0.4780500996710954,-1.0
-0.021870101449898455,0.41549810859614933,-1.0
0.2984624560994524,0.33588547687605724,-1.0
-0.15722567433888815,0.6842824669700835,-1.0
0.00826558936199549,0.28568066598940045,-1.0
-0.07001243647665242,0.6361184643074528,-1.0
-0.028585830887444576,0.3850755543450124,-1.0
-0.08253113688043667,0.5259274433081731,-1.0
-0.0791140312675781,0.39530193486774456,-1.0
0.02452348484536515,0.35113826743783055,-1.0
-0.12617666643114464,0.2593493111978503,-1.0
0.07777484726990863,0.13449719763333012,-1.0
0.037112027424339875,0.3831450133850297,-1.0
-0.28629280891011294,0.4329675627287838,-1.0
-0.12167804398462101,0.6781956378824983,-1.0
-0.023587668126096556,0.26103202820139637,-1.0
0.02960096892010306,0.35344989637258195,-1.0
-0.19243587696748932,0.570291367301362,-1.0
-0.09438258897513081,0.703208318505879,-1.0
0.10873844601540139,0.287046806496996,-1.0
0.05133803287770504,0.5274677347659447,-1.0
0.019536981740155432,0.3566011601264644,-1.0
-0.10472212736738895,0.641195295899177,-1.0
0.06568855075711623,0.3581084484925345,-1.0
0.040316921518474574,0.3665094885172558,-1.0
0.25509810347307516,0.401361631664707,-1.0
0.03435512713115291,0.6075962205388935,-1.0
-0.007231454773624815,0.5299703357104643,-1.0
0.12185969301370601,0.3286058961428245,-1.0
0.052584363541230514,0.5394065801191215,-1.0
-0.12314817247795228,0.49448532790398947,-1.0
-0.1632967776381074,0.4697434306997314,-1.0
0.02196423811596032,0.4259432749926849,-1.0
0.12210999025464633,0.49265307614231957,-1.0
0.2086533549056349,0.6667468042266707,-1.0
0.24083318522879338,0.39511398271310694,-1.0
-0.2616532419787925,0.3840922369405733,-1.0
-0.099228368066908,0.5197561653933269,-1.0
0.17572530592689306,0.3527374643821382,-1.0
-0.08112983519907965,0.7660118176506249,-1.0
0.06434229726514151,0.39631932580375173,-1.0
-0.014866704865299892,0.36091053569791176,-1.0
-0.05171203296111271,0.38835653312520085,-1.0
-0.048886649685407416,0.4706477956869277,-1.0
-0.20295422725340573,0.37077284198542954,-1.0
0.3377983325342203,0.4487574808363865,-1.0
0.2488650715008254,0.4787815846374551,-1.0
0.16851411526753227,0.7255088409545833,-1.0
0.339645058292847,0.5150387197482107,-1.0
-0.28747109986668495,0.4221143347052374,-1.0
0.16098546675895656,0.36530647778198183,-1.0
-0.09669028824110032,0.5907698901423715,-1.0
0.0059870594176606035,0.41494995888768876,-1.0
-0.02913360059681104,0.4223859509577601,-1.0
0.23005254078033785,0.45352394232726495,-1.0
-0.24620766489329252,0.5436476940218258,-1.0
-0.0007119370102587688,0.5234456804676906,-1.0
0.18692647392980377,0.30304540033979743,-1.0
0.05126575860401106,0.219817439351752,-1.0
0.18749130148950346,0.06616883928508738,-1.0
-0.08813009738498132,0.25756863149786713,-1.0
0.026713267517832623,0.6556859833085034,-1.0
0.12114308132221063,0.3583539124753805,-1.0
0.07221516265949826,0.5606482279277583,-1.0
-0.19397084795874714,0.6712282207028388,-1.0
-0.03358920769233404,0.28837717456315226,-1.0
-0.0726950494217157,0.4692401077885019,-1.0
-0.5504333926456764,0.5334583969803735,-1.0
0.18376707401592124,0.40629270264917944,-1.0
-0.1877663848339362,0.6280187376344256,-1.0
-0.17161644699406386,0.35864892713379837,-1.0
